istilah_lama,istilah_standar
% v/v,ml zat terlarut/ 1000 ml pelarut
% w/v,gram zat terlarut/ 1 L pelarut
% w/w,gram zat terlarut/ 100 L pelarut
# rhg,Fraktur Rahang
(H/L),hepar/lien atau hati/limpa
1 C,1 cc = 1 kalori
1 P,1 porsi
2A,"NaCl 0,45% + dextrose 2,5%"
3D-CRT,3 D-Conformal Radiation Therapy
4S,Staphylococcal Scalded Skin Syndrome
5-FU,5-Fluorourasil
5P,"Pain, Pallor, Pulseless, Paresthesia, Paralysis"
6-MP,6-Merkaptopurin
6-P,"Pain, Pallor, Pulseless, Paresthesia, Paralysis, Poikilotherm"
HCG,human chorionic gonadotropin
a,Arteri
A / V / P,Arteri / Vena / Perifer
AAA,Abdominal Aortic Aneurysm
AABR,Automated Auditory Brainstem Response
Ab,Antibody
ABA,Anti Brain Antibody
ABAER,Automated Brainsystem Auditory Evoked Response
ABC,"Airway,Breathing, Circulation"
Abd,Abdomen
ABI,Ankle Brachial Index
ABI/ABPI,Ankle Brachial Index/ Ankle Brachial Pressure Index
ABM,Alat Bantu Mendengar
AbN,Abnormal
ABNOM,Acquired Bilateral Nevus Of Ota-Like Macules
Abc,Abcess
ABP,Arterial Blood Pressure
ABR,Auditory Brainstem Response
Abses EO,Abses Extra Oral
Abses IO,Abses Intra Oral
AC,Assist Control
ACA,
IgM/IgG,Antibodi immunoglobulin M/G terhadap cardiopin
Acc,Accepted/ disetujui
ACC,Access To Care And Continuity Of Care
ACD,Actinomycin D
ACE,Angiotensin Converting Enzyme
ACE-i,Angiotensin Converting Enzyme Inhibitor
ACFD,Acquired Coagulation Factor Deficiency
Ach,Acethylcloline
ACL,Anterior Cruciate Ligament
ACLE,Acute Cutaneous Lupus Erythematosus
ACLS,Advance Cardiac Life Support
ACS,Acute Coronary Syndrome
ACT,Alternate Cover Test
ACTH,Adrenocorticotropic Hormon
Activiren,Kontrol
ADHD,Attension Deficit Andhyperaktive Disorder
ADE,Antibody Dependent Enhancement
ADH,Antidiuretic hormon
ADL,Activities Of Daily Living
ADO,Amplatzer Ductal Occluder
ADP,Adenosine diphosphate
ADR,Adverse Drug Reaction
ADS,antidiphteria serum
AEP,Atopic Eruption Of Pregnancy
AF,Atrial Fibrillation
AFF,Lepas
AFLP,Acute Fatty Liver Pregnan
AFP,Alpha—fetoprotein
Ag,Antigen
AGD,Analisis Gas Darah
AGEP,Acute Generalized Exanthematous Pustulosis
AH,Antihistamin
AHA,Alpha Hydroxyl Acid
AHC,Acute Hemorrhagic Conjungtivitis
AHF,Anti Hemophilic Fator (Factor Koagulasi Darah VIII)
AHG,Anti Human Globulin
AI,Avian Influenza
AIDP,Acute Inflammation Demyielinating Polyneuropathy
AIDS,Acquired Immune Deficiency Syndrome
AIHA,Acute Idiophatic Haemolitic Anaemia
AINS,Anti Inflamasi Non Steroid
AJ,Angkat Jahitan
AKDR,Alat Kontrasepsi Dalam Rahim
AKE,Arteri Karotis Eksterna
AKG,Angka Kecukupan Gizi
AKI,Angka Kematian Ibu
AL,Arterial Line
Alb,Albumin
ALI,Acute Limb Ischemia
ALL,Acute Lymphoid Leukaemia
ALO,Acute Lung Oedema
ALP,Alkaline Phophatase
ALS,Amyotropic Lateral Sclerosis
ALT,Alanine Amino Transferase
AMA,Anti Mitochondrial Antibody
AMB,Angka Metabolisme Basal
AMI,Acute Myocardial Infarction
AML,Acute Myelogenous Leukemia
Amp,Ampul
AMP,Abbreviated Mental Test
AMVO,Amplatzer Muscular Ventricular Septal Occluder
An.,Anak
ANA,Anti Nuclear Antibodies
ANA Test,Anti Nuclear Antibody Test
ANCA,Anti Neutrophil Cytoplasmic Antibody
ANLS,Advanted Neurology Life Support
ANS,Automatic News System
Ant.,Anterior
Anti-CCP3,Anti Citrullinated Protein Antibody
Anti-dsDNA,Anti Double Stranded Deoxyribonucleic Acid
Anti-HBe,Antibodi Terhadap Hepatitis B Envelope
Anti-HCV,Antibodi Terhadap Hepatitis C Virus
Anti-HBs,Antibodi Terhadap Hepatitis B Surface
Anti-H c,Antibodi Terhadap Hepatitis B Core Antigen
Ao,Aorta
AOP,Assessment Of Patients
AP,Antero Posterior
APC,Atrial Premature Complex
APD,Alat Pelindung Diri
APG,Antegrade Pyelography
ApoA,Apolipoprotein A
ApoB,Apolipoprotein B
APP,Apendisitis
AP-PA,Anterior Posterior – Posterior Anterior
APR,Achiles Pee Reflex
APS,Anti Phospholipid Syndrome
APTT,Activated Partial Thromboplastin Time
APW,Alkaline Peptone Water
AR,Aortic Regurgitation
ARB,Angiotensin Receptor Bloker
ARDS,Acute Respiratory Distress Syndrome
ARF,Acute Renal Failure
ARIA,Allergic Rhinitis Impact On Asthma
ARMD,Age Related Macular Degeneration
ARV,Antiretroviral
AS,Aortic Stenosis
AS 6%,Amino Steril 6%
ASA score,American Society Of Anesthesiologist Score
ASC,Anesthesia And Surgical Care
ASD,Atrial Septal Defect
AsDI,Asosiasi Diettisien Indonesia
ASE,Artherosclerosis Extremities
ASHD,Atherosclerotic Heart Disease
ASI,Air Susu Ibu
ASO,Atrial Septal Occluder
ASSR,Auditory Steady State Responses
AST,Aspartate Trasnsaminase
ASTO/ASO,Antistreptolysin O
AT,Anti-Trypsin
ATLS,Advanted Traumatic Life Support
ATN,Acute Tubular Necrosis
ATP,Adenosine Triphosphate
ATS,Antitetanusserum
AT,Achilles Tendon
AuD,Autosomal Dominant
AV,Atrioventricular
AVB,Akne Vulgaris Berat
AVI,Aortic Valve Insuffiency
AVM,Artery Venous Malformation
AVN,Avascular Necrosis
AVNRT,Atrio-Ventricular Nodal Reciprocating Tachycardia
AVR,Atrio-Ventricular Regurgitation
AVRT,Atrio-Ventricular Reciprocating Tachycardia
AVS,Akne Vulgaris Sedang
AVT,Auditory Verbal Therapy
AZA,Azelaic Acid
b.a.c,bawah arcus costae
B3,Bahan Berbahaya dan Beracun
B,Bucal
BA,Bovine Albumin
BAB,Buang Air Besar
BAER,Brainsystem Auditory Evoked Response
BAJAH,Biopsy Aspirasi Jarum Halus
BAK,Buang Air Kecil
BAP,Blood Agar Plate
BB,Berat Badan
BBB,Bundle Branch Block
BBI,Berat Badan Ideal
BBLR,Bayi Berat Lahir Rendah
BBLSR,Bayi Berat Lahir Sangat Rendah
BC,Buffycoat Concentrate
BCIE,Bullous Congenital Ichtysiform Eryhroderma
BCPS,Bidirectional Cavo-Pulmonary Shunt
BCR-ABL,Break-Point Cluster Region-Abelson
BCS,Breast Conserving Surgery
BCT,Breast Conserving Treatment
BCVA,Best Corrected Visual Acuity
BDI,The Beck Depression Inventory
BDRS,Bank Darah Rumah Sakit
BE,Base Excess
BED,Biological Effective Dose
BERA,Brainstem Evoked Response Audiometry
BEV,Beam Eye View
BGN,Batang Gram Negatif
BGP,Batang Gram Positif
BH,Body Height
BI,Bacterial Index
Bicnat,Natrium Bicarbonat
Bil D,Bilirubin Direk
Bil I,Bilirubin Indirek
Bilirubin,
T/D/I,Bilirubin Total /Direct / Indirect
BJ,Bunyi Jantung
BJ Plasma,Berat Jenis Plasma
BKB,Batuk Kronis Berulang
BL,Borderline Lepromatous
BL/R,Body Left/ Right
BMHP,Bahan Medis Habis Pakai
BMI,Body Mass Index
BMK,Besar Masa Kehamilan
BMP,Bone Marrow Puncture
BMR,Basal Metabolism Rate
BMS,Burning Mouth Syndrome
BNC,Bladder Neck Contracture
BNI,Bladder Neck Incision
BNO/KUB,Blass Nier Overzich / Kidney Ureter Bladder
BNOIVP,Blass Nier Overzich –Intravenous Pyelography
BOA,Behavioral Observation Audiometry
BPH,Benign Prostate Hyperplasia
BPO,Benzoyl Peroxide
BPPV,Benign Paroxysmal Position Vertigo
Bpx,Bawah Procecus Xiphoideus
Bracket,Behel
BRVO,Branch Retinal Vascular Occlusion
BS,Bubur Saring
BSA,Body Surface Area
BSEF,Bedah Sinus Endoskopi Fungsional
BSI,Blood Stream Infection
BT,Bleeding Time
BT shunt,Blalock Taussig Shunt
BTA,Basil Tahan Asam
Btg,Batang
BTK,Banyak Terima Kasih
Btr,Butir
BU,Bising Usus
BW,Body Weight
By.,Bayi
C,Sendok Makan
c/p atau j/p,Cor/Pulmo Atau Jantung/Paru
C3,Complement 3
C4,Complement 4
CA 19-9,Cancer Antigen 19-9
CA 15-3,Cancer Antigen 15-3
CA 125,Cancer Antigen 125
PSA,Prostate-Specific Antigen
Ca,Carcinoma
CABG,Coronary Artery By Pass Graft
CaCO3,Calcium Carbonate
CaCx,Carsinoma Cervix
CAD,Coronary Artery Disease
CAE,Canalis Acusticus Externus
CAF,"Cyclophosphamide, Adriamycin, 5-Fu"
CAH,Chronic Active Hepatitis
CAMP,Cyclic Adenosine Monophoshate
C-ANCA,Cytoplasmic-Antineutrophil Cytoplasmic Antibody
Capping/PC,Pulp Capping
CAP,Community Acquired Pneumonia (J18.9)
CAPD,Continuous Ambulatory Peritoneal Dialysis
CAS,Carotic Artery Stenting
CATHLAB,Catheterization Laboratory
Cau,Caudal
CAVSD,Complete Atrio-Ventricular Septal Defect
CB,Cair Biasa
CBC,Complete Blood Count
CBC 5 diff,Complete Blood Count 5 Different
CBCL,Child Behavior Check List
CBD,Common Blood Duct
CBDC,Chronic Bullous Disease Of Childhood
CBT,Cognitive Behavioural Therapy
CCC,Coombs Control Cell
CCT,Clearance Creatine Test
CCK,Cholecystokinin
Ccl,Compression Class (Kelas-Kelas Dalam Level
Kompresi Stoking),
CCLE,Chronic Cutaneous Lupus Erythematous
CD4,Cluster Of Differentiation 4
CD,Cluster Of Differentiation
CDH,Congenital Dislokasi Hip
CDT,Clock Drawing Test
CE,Chlor Ethyl
CEA,Carcino-Embryonic Antigen
CEAP,(Clinical Etiologi Anatomy Patophysiologi) Sistem
Klasifikasi Pada Cvi,
CF,Cytology Fluid
CGA,Comprehensive Geriatric Assessment
Cgy,Centy Gray
CHA,Congenital Hypoplastic Anaemia
CHB,Complete Heart Block
CHD,Congenital Heart Disease
CHL,Conductive Hearing Loss
CI,Cochlear Implant
CHF,Congestive Heart Failure
CIC,Circulating Immune Complex
CISH,Chromogenic In Situ Hybridization
CIDP,Chronic Inflammation Demyelinating
Polyradiculoneuropathy,
CK,Creatin Kinase
CKB,Cidera Kepala Berat
CKC,Close Kinetic Chain
CKD,Chronic Kidney Disease
CKD on HD,Chronic Kidney Disease On Hemodialisis
CK-MB,Creatine Kinese-Mb Fraction
CKR,Cedera Kepala Ringan
CKS,Cedera Kepala Sedang
CLG,Cataract Lens Implant
Cl,Chloride
CLI,Critical Limb Ischemia
CLSI,Clinical And Labaoratorium Standart Institute
CLLM,Cair Low Lactose Milk
Cm,Centimeter
CME,Cystoids Macular Ederma
CML,Choronic Myelogenous Leukemia
CMML,Chronic Myelomonocytic Leukemia
,
COR,Cedera Olah Raga
COX,Cyclooxygenase
CPA,Cyclophosphamide
CPAP,Continuous Positive Airway Pressure
CP,Cerebal Palsy
CPB,Cardiopulmonary Bypass
CPD,Cephalopelvic Disproportion
CPH,Chronic Portal Hypertension
CPM,Continuous Passive Movement
CPR,Cardiopulmonary Resuscitation
CPZ,Chlorpromazine
Cr,Creatinine
CRAO,Central Retinal Artery Occlusion
Cran,Cranial
CRF,Chronic Renal Failure
CRI,Catheter Related Infection
CRO,Cairan Rehidrasi Oral
CRP,C-Reactive Protein
CRRT,Continuous Renal Replacement Therapy
CRT,Capillary Refill Time
CRVO,Central Retinal Vein Occlusion
CSME,Clinical Significant Muscular Edema
CSR,Central Serous Retinophaty
CSWS,Cerebral Salt Wasting Syndrome
CT,Clotting Time
CTA,Ct Angiography
CTC,Completion Of Treatment Cure
CTEV,Congenital Talipes Equino Varus
CTG,Cardiotocografi
Cth,Sendok Teh
CTM,Chlorpheniramine Maleat
CTO,Chronic Total Occlusion
CTPS,Cairan Tanpa Susu
CTS,Carpal Tunnel Syndrome
CT scan,Computer Tomography Scan
CVA,Cerebrovascular Accident
CVC,Central Vervous Catheter
CS,Cuti Sakit
CVD,Cerebrovascular Disease
CVI,Chronic Venous Insufficiency
CVP,Central Venous Pressure
CVVH,Continuous Veno-Venous Hemofiltration
CVVHD,Continuous Veno-Venous Hemodialysis
CVVHDF,Continuous Veno-Venous Hemodialysis
Hemofiltration,
CWD,Canal Wall Down
CWU,Canal Wall Up
CXR,Chest X-Ray
D/,Diagnosis
D/C,Dilatasi/Curetase
D10,Dextrose 10%
D40,Dextrose 40%
D5,Dextrose 5%
D,Distal
DA,Dermatitis Atopic
DAP,Duktus Arteriosus Persisten
DB,Demam Berdarah
DBD,Deman Berdarah Dengue
Dbn,Dalam Batas Normal
DBP,Diameter Biparietal
DC,Drainage Curettage
DCR,Dacryocystorhinostomy
DCT,Direct Coombs Test
DH,Diet Hati
DJ,Diet Jantung
DK,Diet Kanker
DL,Disto Lingual
DM,Diabetes Mellitus
DN I,Donor 1
DN II,Donor 2
DMT-1,Duodenal Metal Transporter
DNA,Deoxyribonucleic Acid
DNAR,Do Not Attempt Resuscitation
DNR,Do Not Resuscitate
DOA,Death Or Arrival
Dobu,Dobutamin
DOC,Decreased Of Consciousness
DOLV,Double Outlet Left Ventricle
Dopa,Dopamine
DORV,Double Outlet Right Ventricle
DOTS,Directly Observed Treatment Short Course
DP,Disto Palatal
DPJP,Dokter Penanggung Jawab Pelayanan Pasien
DPL,Darah Perifer Lengkap
DPMP,Daftar Permintaan Makanan Pasien
DPO,Dalam Pengaruh Obat
DPOAE,Distortion Product Oto-Acoustic Emission
DPT,"Difteria, Pertusis, Tetanus"
DPTP,"Difteria, Pertusis, Tetanus, Polio"
DR,Demam Reumatik
DRM,Departemen Rehabilitasi Medik
DRR,Digitally Reconstructed Radiograph
DRT,Departemen Radioterapi
DS,Dermatitis Seboroik
DSS,Dengue Shock Syndrome
DTT,Desinfeksi Tingkat Tinggi
DUB,Dysfunctional Uterine Bleeding
DVT,Deep Vein Thrombosis
Dx,Diagnosis
E2,Estradiol
E,Emmetropia
E.coli,Escherichia Coli
EAC,Erythema Annularecentrifugum
e-,Electron
EB,Epidermolisis Bulosa
EBD,Epidermolisis Bulosa Distrolik
EBS,Epidermolisis Bulosa Simpleks
EBV,Estimated Blood Volume
Ec,Et Causa
ECCE,Extracapsular Cataract Extraction
ECG/EKG,Electrocardiography
Echo,Echocardiography
ECI,Extracorporeal Intradiation
ECLIA,Electrochemiluminescence Immunoassay
ED,Eye Drop
EDH,Epidural Hematoma
EDTA,Ethylenediamine Tetraacetic Acid
EDV,End-Diastolic Volume
EEA,Eversion End-Arterectomy
EED,Erythema Elevatum Diutium
EEG,Electroensephalografi
EF,Ejection Fraction
EFM,Estimated Fetal Weigt
EG,Eosinophilic Granuloma
EH,Epidermolytic Hyperkeratosis
EHDI,Earlty Hearing Detection Intervention
EHEC,Enterohemorrhagic E. Coli
EIA,Enzyma Immunoassay
EIEC,Enterohemorrhagic E. Coli
ELISA,Enzyme-Linked Immunosorbent Assay
EM,Eritema Multiforme
EMG,Elektromiografi
EN,Eritema Nodosum
ENG,Elektronistagmografi
EO,Eye Ointment
EoE,Eosinophilic Esophagitis
ENL,Eriterna Nodosum Leprosum
EQ,Emotional Quotient
ESBL,Extended Spectrum Beta-Lactamase
Est,Estimasi
Exo/extr/E,Ekstraksi (Pencabutan)
F,Formula
FD,Full Denture
FOBT,Fecal Occult Blood Test
FSH,Follice-Stimulating Hormone
GBS,Gullian Barre Sydrome
GCS,Glasgow Coma Scale
GDS,Gula Darah Sewaktu
GE,Gastroenteritis
GEA,Gastroenteritis Akut
GED,Gastroenteritis Dehydration
GERD,Gastroesophageal Reflux Disease
GF,Granuloma Facial
GFR,Glomerulus Filtration Rate
GGA,Gagal Ginjal Akut
GGK,Gagal Ginjal Kronik
GGT,Gamma-Glutamyl Transpeptidase
GH,Growth Hormone
GIC,Glass Ionomer Cement
GIR,Glucosa Infusion Rate
GIST,Gastrointestinal Stromal Cell Tumor
GIT,Gastro-Intestinal Track
GLD,"Governance, Leadership And Direction"
Gls,Gelas
GMK,Gingivitis Marginalis Kronik
GNA,Glomerulonefritis Akut
GNK,Glomerulonefritis Kronik
GO,Gonore
Gol.da,Golongan Darah
Gosmin,Gosok Minyak
GnRH,Godanotropin Releasing Hormone
GP,Glikoprotein
GPA,Gravida-Partus-Abortus
GR,Gangren Radix
Gr,Gram
GSS,Gangguan Situasi Sementara
GTP,Gigi Tiruan Penuh
GTS,Gigi Tiruan Sementara
GTSL,Gigi Tiruan Sebagian Lepasan
Gtt,Gutatae (Tetes)
GUT,Genito-Urinary Tract
GV,Ganti Verban
HI-IV,Hodge I – Iv
H2O,Hydrogen Peroksida
H2RA,H2 Reseptor Antogonis
HAART,Highly Active Anti Retroviral Therapy
HACEK,"Kelompok Bakteri Gram Negative, Haemophilus Species (Haemophilus Parainfluenzae, Haemophilus Aphrophilus, And Haemophilus Paraphrophilus) Actinobacillus, Actinomycetemcomitans, Cardiobacterium Hominis, Eikenella Corrodens, And"
Kingella Spesies.,
HAEM,Herpes Associated Erythema Multiformis
HAI,Hospital Acquired Infection
HAP,Hospital Acquired Pneumonia
Hasil-,Hasil Tidak Ada
Hasil+,Hasil Ada
HAV,Hepatitis A Virus
Hb,Hemoglobin
HbA1C,Hemoglobin A1C
HBeAg,Hepatitis B Envelope Antigen
HBV,Hepatitis B Virus
HBV-DNA,Hepatitis B Virus Deoxyribonucleic Acid
HC,Head Circumference
HBsAg,Hepatitis B Surface Antigen
HCM,Hypertropic Cardiomyopathy
HCT,Hidroklorotiazid
HCU,Hight Care Unit
HCV,Hepatitis C Virus
HCV-RNA,Hepatitis C Virus Ribonucleic Acid
HD,Hemodialysis
HDK,Hipertensi Dalam Kehamilan
HDL,High-Density Lipoprotein
HDR,Hight Dose Rate
HE,Hiperemesis
HELLP,"Hemolysis, Elevated Liver Enzymes, And Low"
Platelets,
Hep,Heparin
HFN,Hight Flow Nasal
HG,Herpes Genitalis
HHD,Hypertensive Heart Disease
HHL/R,Head Hanging Left/Right
Hiper PI,Hiperpigmentasi Pasca Inflamasi
Hipo PI,Hipopigmentasi Pasca Inflamasi
HIV,Human Immunodeficiency Virus
HIV-ICT,Human Immunodeficiency Virus-Immunochromatography Rapid Test
HK,Hyperkeratosis
HM,Hospital Made
HP,Hyperemi Pulpa
HPLC,High-Performance Liquid Chromatography
HPV,Human Papilloma Virus
HSV,Hespes Simpleks Virus
HV,Human Virus
IBD,Imflammatory Bowel Disease
IBS,Irritable Bowel Syndrome
i.c.,Intra Cutaneus
IB,Indek Bakteri
ICCE,Intracapsular Cataract Extraction
ICD,International Classification Of Diseases
ICH,Intra Cerebal Haemorrhagic
ICP,Intermittent Catheterization Program
ICT,Immunochromatography
ICU,Intensive Care Unit
IDDM,Insulin Dependent Diabetes Mellitus
IDL,Intermediate-Density Lipoprotein
IDT,Intradermal Test
IDW,Inter Dental Wiring
IF,Imunofluorensensi
IFA,Indirect Immunoflouresent Assay
"IFN(a,y)",Interferon
IFP,Imbang Feto Pelvic
Ig,Immunoglobulin
IgA,Immunoglobulin A
IgE,Immunoglobulin E
"IGF (1,2)",Insulin-Like Growth Factor
IgG,Immunoglobulin G
IgM,Immunoglobulin M
IgM anti- HAV,Antibodi Immunoglobulin M Terhadap Hepatitis A Virus
IgM/IgG Dengue,Antibodi Immunoglobulin M/G Terhadap Dengue
IgM/IgG CMC,Antibodi Immunoglobulin M/G Terhadap CMC
IgM/IgG Rubella,Antibodi Immunoglobulin M/G Terhadap Rubella
IgM Salmonella,Antibodi Immunoglobulin M/G Terhadap Salmonella
IGRT,Imaged Guided Radiotherapy
IH,Induksi Haid
IHD,Ischemid Heard Disease
IGNS,Infeksi Genitalia Nonspesifik
IHK,Imunohistokimia
IIP,Infeksi Intra Partum
IK,Intruksi Kerja
Ikt(-),Tidak Ikterik
IL 20 %,Intra- Lipid 20 %
ILI,Influenza Like Illness
ILO,Infeksi Luka Operasi
IM,Intramuscular
IMD,Inisiasi Menyusu Dini
Imp,Impaksi
IMRT,Intensity Modulated Radiotherapy
IMS,Infeksi Menular Seksual
IMT,Indeks Massa Tubuh
INH,Isoniazid
Inj,Injeksi
INO,Inter Nucleus Optahologi
INOS,Infeksi Nosokomial
INR,International Normalized Ratio
Insp,In-Spekulo
IO,Interior Oblique
IOL,Intraocular Lens
IOM,Intra Operative EMG
ION,Aschaemic Optic Neuropathy
IOOA,Interior Oblique Over Action
IP,Iritasi Pulpa
IPCN,Infection Prevention Control Nurse
IPPS,International Prostate Symptom Score
IPRI,Identitas Pasien Rawat Inap
IPRJ,Identitas Pasien Rawat Jalan
IQ,Intelligence Quotient
IRIS,Immune Reconstitution Inflammatory Syndrome
ISE,Ion Selective Electrode
ISDN,Isosorbid Dinitrat
IPSG,International Patien Safety Goals
ISK,Infeksi Saluran Kemih (N39.0)
ISOTRET,Isotretinoin
ISPA,Infeksi Saluran Pernapasan Akut
ISR,Infeksi Saluran Reproduksi
IT RATIO,Immature To Total Neutrophil Ratio
ITS,Idiopatic Thrombocytopenic Syndrome
Iu,International Unit
IUD,Intra Uterine Contraceptive Device
IUFD,Intra-Uterine Fetal Death
IUGR,Intra-Uterine Growth Retardation
IV,Intravena
IVC,Inferior Vena Cava
IVFD,Intravenous Fluid Drip
IVFD 2Line,Intravenous Fluid Drip 2 Line
IVIG,Intravenous Immunoglobulin
IVP,Intravenous Pyelography
IVS,Interventricular Septum
IW,Intermediate Ward
IWL,Insensible Water Loss
J/P,Jantung/Paru
JABFUNG,Jabatan Fungsional
JAMKESDA,Jaminan Kesehatan Daerah
JAMKESMAS,Jaminan Kesehatan Masyarakat
j.bac,Jari Bawah Arcus Costae
j.bpx,Jari Bawah Processus Xiphoideus
JBCC,Jackson Cross Cylinder
JNA,Juvenile Nasopharyngeal Angifibroma
JPBoTH,Janin Presentasi Bokong Tunggal Hidup
JRA,Juvenil Rheumatoid Arthritis
JT,Junctional Tachycardia
JVP,Jugular Venous Pressure
K,Kalium
JPKTH,Janin Presentasi Kepala Tunggal Hidup
K2EDTA,Ethylenediaminetetraacetic Acid Dipotassium
k/p,Kalau Perlu
K/TK/C/J/D,Kawin/Tidak Kawin/Cerai/Janda/Duda
K3RS,Keselamatan Dan Kesehatan Kerja Rumah Sakit
KA,Kondiloma Acumination
KAD,Ketoasidosis Diabetikum
Kal,Kalori
Kaps,Kapsul
KB,Keluarga Berencana
KBE,Kompresi Bimanual Uterus Ekstrena
KBI,Kompresi Bimanual Uterus Interna
KBM,Kadar Bunuh Minimal
KCI,Kalium Chlorida
KHM,Kadar Hambat Minimal
KEK,Kekurangan Energi Kalori
Kel. ut,Keluhan Utama
KEP,Kekurangan Energi Protein
Kg,Kilogram
KGB,Kelenjar Getah Bening
KGDH,Kontrol Gula Darah Harian
KGN,Kokus Gram Negative
KGP,Kokus Gram Positif
KH,Karbohidrat
KHONK,Koma Hiperosmolar Non-Ketotik
KHS,Kecepatan Hantar Saraf
KI,Kontra Indikasi
KIC,Konsultan Intensive Care
KIE,Komunikasi-Informasi-Edukasi
Kinf,Konka Inferior
KIV,Keep In View (Monitor)
KK,Kaku Kuduk
Kkal,Kilokalori
KIL,Kortikosteroid Intralesi
KLB,Kejadian Luar Biasa
KLR,Kanker Leher Rahim
KMK,Kecil Masa Kehamilan
KNC,Kejadian Nyaris Cidera
KNF,Karsinoma Nasofaring
KOH,Kalium Hidroksida / Potassium Hidroksida
KOM,Kompleks Ostelo Meatal
Korlit,Koordinator Penelitian
Koyanmas,Korfinator Pelayanan Masyarakat
KPC,Kondisi Potensi Cedera
KPD,Ketuban Pecah Dini
KPR,Knee Patella Reflex
Kps,Kapas
KS,Keratosis Seborok
KS/CS,Kompatremen Sindrom/Compartemen Syndrome
KSB,Karsinoma Sel Basal
KSS,Karsinoma Sel Skuamosa
KTC,Kejadian Tidak Cedera
KTD,Kejadian Tidak Diharapkan
KTP,Kartu Tanda Penduduk
KTS,Klippel Trenaunay Syndrome
KU,Keadaan Umum
KV,Kapasitas Vital
KVV,Kandidosis Vulvovaginis
L,Liter
LA,Left Atrium
LAB,Laboratorium
LABA,Long Acting Beta-2 Agonist
LAD,Left Axis Denation
LAD-cath,Left Anterior Descending
LAD-EKG,Leftaxis Deviation
LAM,Lipo Arabino Manan
LACI,Lacular Anterior Circulation Infrarction
LAO,Left Anterior Oblique
LAP-CHOLE,Laparatomi Cholelithiasis
LASA,Look Alike Sound Alike
LASER,Light Amplification Stimulation Emission Radiation
Laser CO2,Laser Carbodioxyde
Laser Er-Yag,Laser Erbium-Ytrium Aluminium Gamett
Laser QS-Nd- YAG,Laser Quality-Switch Ytrium Aluminium Gamett
L-ASP,Leunase / L-Asparaginase
LBBB,Left Bundle Branch Block
LBHB,Left Bundle Brach Hemiblock
LBP,Low Back Pain
LC,Light Cure
LCOS,Low Cardiac Output Syndrome
LCS/CSF,Liquar Cerebrospinal/Cerebrospinal Fluid
LCx,Left Circumflec Artery
LDH,Lactate Dehydrogenase
LDL,Low Density Lipoprotein
L-dopa,Levodopa
LDR,Low Dose Rate
LE,Lupus Erythematosis
LED,Laju Endap Darah
Leu,Leukosit
LE cell,Lupus Erythematosis Cell
LGK,Leukemia Granulocytic Kronik
LGS,Lingkup Gerak Sendi
LGV,Lymphogranuloma Venerium
LH,Limfoma Hodgkin
LHF,Left Herat Failure
LJ,Lowenstein-Jensen (Medium TB)
LiLa,Lingkar Lengan Atas
LIO,Laser Intraocular
LK,Lingkar Kepala
LI,Laringoskopi Indirek
LL,Lempromatus
LLA,Lingkar Lengan Atas
LLD,Leg Length Discrepancy
LLK,Leukomia Lymphositik Kronik
LLM,Low Lactose Milk
LLQ,Left Lower Quadrant= Daerah Abdomen Kuadran Kiri Bawah
LM,Lymphoma Malignum
LMA,Laryngeal Mask Airway
LMN,Lower Motor Neuron
LMNH,Limfoma Maligna Non-Hodgkin
LMS,Left Main Stem
LMWH,Low Molecular Weight Heparin
LNH,Limfoma Non Hodgkin
LOA,Lumbal Osteoarthritis
LOLA,L-Ornitin-L-Aspartat
LP,Lumbar Puncture
LPI,Laser Perifer Iridectomy
LPM,Liter Per Menit
LPR,Laryngopharyngeal Reflux
LPT,Luas Permukaan Tubuh
LRI,Linear Simpleks Incision
LSK,Liken Simpleks Kronis
LT,Light Therapy
LTF,Late Treatment Failure
LUTS,Lower Urinary Track Symptoms
LV,Left Ventricle
LVAD,Left Ventricular Device
LVEDD,Left Ventricular End-Diastolic Diameter
LVEDS,Left Ventricular End-Systolic Diamater
LVEF,Left Ventricular Ejection Fraction
LVF,Left Ventricular Failure
LVB,Laser V-Beam
LVH,Left Ventricular Hypertropy
LVOT,Left Ventricular Outflow Tract
m/OGT,Minum Per Oral Gastric Tube
m/oral,Minum Per Oral
M,Mesial
MAP,Meal Arterial Pressure
MAPCAs,Multiple Aorta-Pulmonary Collateral Arteries
MAS,Meconium Aspiration Syndrome
Malaria-ICT,Malaria Immunocromatography Rapid Test
MB,Mesio Bucal
MBD,Metastatic Bone Disease
MBO,Mati Batang Otak
MC,Makanan Cair
MCI,Mild Cognitive Impairmant
MCA,Mac Conkey Agar
MCH,Mean Corpuscular Hemoglobin
MCHC,Mean Corpuscular Hemoglobin Concentration
MCom In,Management Of Communication And Information
MCU,Medical Check Up
MCL,Medial Cruciate Ligament
MCV,Mean Corpuscular Volume
MDR,Multi-Drug Resistance
MDRO,Multi-Drug Resistance Organisme
MDR-TB,Multi Drug Resisten TB
MDS,Myelodisplasia Syndrome
MDT,Multi Drug Therapy
MEA,Meningoencephalocele Ansterior
MED,Minimal Erythema Dosc
MEP,Meningoencephalocele Posterior
MESA,Microscopic Epidydimal Sperm Aspiration
MeV,Mega Electron Volt
MFH,Malignant Fibrous Hystcicytoma
MG,Miasthenia Gravis
MEq,Mili-Ekuivalen
Mg,Milligram
MH,Morbus Hansen
MHA,Mueller Hinton Agar
MI,Mitral Insufficiency
Ml,Millimeter
MIC,Minimal Inhibitory Concertration
MIHL,Music Induced Hearing Loss
ML,Mesio Lingual
MLB,Makanan Lunak Blender
MLC,Multi Lead Collimator
MLPA,Mycobacterium Lepra Particle Agglutination
mm,Milimeter
MMC,Mitomycin C
mmHg,Millimeters Of Mercury
MMP,Mucus Membrane Pemphisoid
MMPI,Minnesota Multiphasic Personality Invetory
MMR,"Mups, Measles, Rubella"
MMSE,Mini Mental State Examination
MMT,Manual Muscle Test
MMU,Medication Managemen And Use
Mn,Minor
MO,Mal Oklusi
Mob,Mobility (Goyang)
MP,Mesio Palatal
MPB,Makanan Pasca Bedah
MPK,Majelis Pemeriksaan Kesehatan
MRM,Modified Radical Mastertomy
MRS,Masuk Rumah Sakit
MRSE,Methicillin Resistant Staphylococcus Epidermidis
MSSA,Methicillin Sensitive Staphylococcus Aureus
MSSE,Methicillin Sensitive Staphylococcus Epidermidis
My,Mayor
N,Normal
MRSA,Methicillin Resistant Staphylococcus Aureus
N 80,Nitrogen : Kalori Non Protein Adalah 1:80
NaCl,Natrium Clorida
NAP,Nutrient Agar Plate
NARES,Non-Allergic Rhinitis Eosinophilic Syndrome
NASH,Non-Alkhoholic Stearto-Hepatitis
NB,Neimisin Basitrasin
NBCIE,Non-Bullous Congenital Ichtysiform Erythroderma
NC,Nasal Canulla
NCB,Neonates Cukup Bulan
NCH,Nafas Cuping Hidung
NCP,Nutrition Care Process
NCT,Non-Contact Tonometry
NCV,Nerve Conduction Velocity
NDM,New Dehli Metallo-Beta-Laktamase
NE,Nasoendoscopy
NEC,Necrotizing Enterocolitis
Neg,Negatif
NET,Nekrolisis Epidermal Toksik
NF,Noise Floor
NFR,Not For Resuscitation
NGPP,Neisseria Gonorrhoeae Penghasil Penisilinase
NGT,Naso-Gastric Tube
NGU,Naso Gonoccoccal Urethritis
NHS,Newborn Hearing Screening
NI,Nutritional Intake
NICU,Neonatal Intensive Care Unit
NIDDM,Non-Insulin Dependent Diabetes Mellitus
NL,Nasi Lunak
NLB,Neonates Lebih Bulan
NMP 22,Nuclear Matric Protein
Nn,Nona
NNRTI,Non-Nucleosida Reverse Transcriptase Inhibitors
NIHL,Noise Induced Hearing Loss
NO,Nero Oftalmologi
NOE,Naso Orbito Ethimoid Fracture
NOK,Neolasme Ovarium Kistik
NORUM,Nama Obat Rupa Mirip
NOT,Neuro-Otologi
NP,Nekrosis Pulpa
NPC,Nasopharyngeal Carcinoma
NPDR,Non-Proliferative Diabetic Retinopathy
NPH,Neuralgia Pasca-Herpes
NPO,Nothing Per Oral
NRM,Nomor Rekam Medik
NRTI,Nucleosida Reverse Transcriptase Inhibitors
Ns,Nurse
NS1,Non Structural Protein 1
NSAIDs,Non-Steroid Antiinflamatory Drugs
NSCLC,Non-Smal Cell Lung Cancer
NSE,Neuron-Specific Enolase
NSTEMI,Non St Elevation Myocardial Infraction
NTG,Nitrogliserin
NU,Narkose Umum
NUG,Necrotizing Ulcerative Gingivitis
NUP,Necrotizing Ulcerative Periodontiks
NUS,Necrotizing Ulcerative Stomatitis
NVP,Nevirapin
Ny.,Nyonya
OA,Osteoarthritis
OAB,Overactive Bladder
OAINS,Obat Anti-Inflamasi Non-Steroid
OAK,Abat Anti Kejang
OAT,Obat Antituberkulosis
OB,Open Bur
Obs,Observasi
OAE,Obat Anti-Epilepsi
OCT,Ocular Coherence Tomography
o-CPC,O-Cresolphthalein Complexone
ODHA,Orang Dengan Hiv-Aids
ODNL,Obstruksi Duktus Naso Lakrimal
Odont,Odontectomy
OE,Otitis Eksterna
OFT,Osmotic Fragility Test
OGT,Oral Gastric Tube
OGTT,Oral Glucose Tolerance Test
OH,Oral Hygiene
OHO,Obat Hipoglikemik Oral
OD,mata kanan
ODS,kedua mata
OS,Mata Kiri
Pterigium,daging tumbuh pada mata
P,Palatal
PA,Periodontitis Akut
Pano,Panoramic
PAOD,Peripheral Aurtery Occlusive Disease
PC,Phower Chain
PCR,Polymerase Chain Reaction
PCT,Procalcitomin
PCV,Packed Cell Volume
PD,Pool Donor
PDM,Produksi Dan Distribusi Makanan
PDW,Platelet Distribution Width
PE,Pulmunory Emboliam
PEP,Polymorphic Eruption Of Pregnancy
PER,Pre-Eklamsi Ringan
PESA,Percutaneus Epidydima Sperma Aspiration
PFE,Patient And Family Education
PFO,Patent Foramen Ovale
PFR,Patent And Family Right
PG,Prostaglandin
PGL-1,Phenolic Glicolipid-1
PF,Pemeriksaan Fisis
PGRS,Pelayanan Gizi Rumah Sakit
PHA,Polyhydroxy Acid
PHBS,Perilaku Hidup Bersih Dan Sehat
PHD,Pulmonary Heart Disease
PHPV,Persistent Hyperplasy Posterior Vitreus
PHS,Penyakit Akibat Hubungan Seksual
PI,Pulmonary Infarction
PICC,Percutaneus Intravenous Central Catheterization
PID,Pelvic Inflammatory Disease
PIN,Prostatic Intraepithelial Neoplasia
PIP,Peak Inspiratory Pressure
Pit Ros,Pitiriasis Rosea
PITC,Provider Initiated Testing And Counseling
PJB,Penyakit Jantung Bawaan
PJK,Penyakit Jantung Koroner
PJR/RHD,Penyakit Jantung Rematik / Rheumatic Heart Disease
PJT,Pertumbuan Janin Terhambat
PK,Persalinan Kala
PKM,Penyuluhan Kesehatan Masyarakat
PK-PD,Pharmacokinetic- Pharmacodynamic
PKRS,Promosi Kesehatan Rumah Sakit
PKS,Panjang Kerja Sementara
PL,Paket Limfoma
PLC,Pityriasis Lichenoides Chroica
PLEVA,Pityriasis Lichenoides Arcula
PLL,Promyelotic Leukomia
PLSVC,Persisten Left Superior Vena Cava
PMA,Progressive Muscular Athropy
PMK/KMC,Perawaan Metode Kanguru/Kanguru Mother Care
PMN,Poli Morfo Nuclear
PMT,Pemberian Makanan Tambahan
PMTCT,Prevention Mother To Child Transmission
PLT,Platelet
PN,Pielonefritis Or Pielonefrosis
PND,Post Nasal Drip
PNET,Primitive Neuro-Edodermal Tumor
PNH,Paroxysmal Nocturnal Hemoglobinuria
PO,Peros; Per Roral
PO2,Carbon Dioxide Partial Pressure
POAG,Primary Open Angle Glaucoma
POBA,Plain Ballon Only Plasty
POD,Post-Operative Day
POS,Pembantu Orang Sakit
Pos,Positif
Post Op,Setelah Operasi
PP,Penicillin Procain
PPDS,Program Pendidikan Dokter Spesialis
PPDU,Program Pendidikan Dokter Umum
PPG,Psoriasis Pustulosis Generalisata
PPHN,Persistent Pulmonary Hypertension Of The Newborn
PPI,Proton-Pump Inhibitor
PPIRS,Pecegahan Dan Pengendalian Infeksi Rumah Sakit
PPJ,Pembesaran Prostat Jinak
PPK,Panduan Praktek Klinik
PPM,Permanent Pacemaker
PPOK,Penyakit Paru Obstruktif Kronik
PPRA,Program Pengendalian Resistensi Antimikroba
PPS,Post Phlebitis Syndrome
PPT,Placenta Previa Totalis
PQ,Personality Question
PRC,Packed Red Cell
Pre HD,Persiapan Hemodialisa
Pre op,Persiapan Operasi
Premed,Premedikasi
Pro,Rencana Tindakan
PRP,Pan Retinal Photocoagulation
PR,Pulmonic Regurgitation
PT,Prothrombin Time
Pulp,Pulpitis
Pulpek,Pulpectomy
Pulpo,Pulpotomy
PV,Pytyriasis Versicolor
PVD,Posterior Viterus Detachment
PVR,Proliperative Vitreoretinopathy
PW,Posterior Wall
PWS,Port Wine Stain
Px Ob,Pasien Baru
PZA,Pyrazinamide
Qb,Quick Blood (Laju Aliran Darah Tubuh Pasien Ke
Dialiser),
Qd,Quick Dialisat (Laju Aliran Dialisat Ke Dialisat)
Q-PCR premix,Quantitatif Polymerase Chain Reaction Premix
QPS,Qualiy-Improvement And Patient Safety
R,Rendah
R/,Resep
R/H/Z/E/S,"Rifampisin, Isoniazid, Pirazinamide, Ethambutol, Streptomisin"
RA+RB,Rahang Atas + Rahang Bawah
RA,Rheumatoid Arthritis
RAD,Right Axis Deviation
RAO,Right Anterior
RAPD,Relative Afferent Pupilary Defect
Ratio I/T,Rasio Imature/Total
RBC,Red Blood Plasma
RC,Reflex Cahaya
RCA,Right Coronary Artery
RCC,Regnal Cell Carcinoma
RCL,Reflex Cahaya Lagsung
RCS,Red Carpet Services
RBBB,Right Bundle Branch Block
RCT/ PSA,Root Canal Treatment/ Perawatan Saluran Akar
RCTL,Reflex Cahaya Tak Langsung
RCTSU,Release Carpal Tunel Syndrome Utilateral
RD,Respiratory Distress
RDS/HMD,Respiratory Distress Syndrome/Hyaline Membrane Disease
RDW,Red Cell Distribution Width
RE,Radiasi Eksterna
REBT,Rational Emotive Behavior Therapy
Reg,Register
Renpra,Rencana Perawatan
RF,Rheumatoid Factor
RFC,Release From Control
RFL,Rino Faring Laringoskopi
RP,Refleus Patologis
RFS,Reflux Finding Score
RFT,Release From Treatment
RG,Rendah Garam
RGE,Refluks Gastroesofageal
RGP,Rigid Gas Permeable
RGRL,Rendah Garam Rendah Lemak
Rh,Rhesus
Rh +/+,Rhesus positif dan sudah tervalidasi
RI,Regular Insulin
Riw TK,Riwayat Tumbuh Kembah
RL,Ringer’s Lactate
RLQ,Right Lower Quadrant = Daerah Abdomen Kanan Bawah
RMS,Rhabdomyosarkoma
RND,Radical Neck Dissection
Ro,Rontgen
ROM,Range Of Motion
ROP,Retinopathy Of Prematurity
RP,Rendah Protein
RM,Rekam Medis
RPD,Riwayat Penyakit Dulu
RPG,Retrograde Pyelography
RPM,Rotasi Per Menit
RPR,Rapid Plasma Regain
RPS,Riwayat Penyakit Sekarang
RR,Recovery Room
RRS,Ruang Rawat Singkat
RS,Rumah Sakit
RSSA,Rumah Sakit Saiful Anwar
RSUPN,Rumah Sakit Umum Pendidikan Nasional
RSI,Reflux Symptom Index
RSTL,Relaxed Skin Tension Lines
RT,Rectal Toucher
RTA,Renal Tubulus Acidons
RT-PCR,Reverse Transcriptase Polymerase Chain Reaction
RUL,Left Upper Quadrant=Daerah Abdomen Kuadran Kiri Atas
RUQ,Right Upper Quadrant=Daerah Abdomen Kanan Atas
RV,Right Ventricle
RVH,Right Ventricle Hypertrophy
RVOT,Right Ventricle Outflow Tract
RVT,Recto-Vaginal Toucher
S,Suhu
S 1-8,Scuffner 1-8
S laten,Sifilis Laten
S KV,Status Kardiovaskuler
S2,Sifilis Stadium 2
SA nock,Sinoatrial Nock
SA sbch,Sino Atrial Nock Block
SAD,Source Axis Distance
SAH,Subarracnoid Hemorrhage
SAL,Sensoryneural Acuity Level
S1,Sifilis Stadium 1
SaO2,Saturasi Oksigen Arterial
SAPS,Simplified Acute Prognostic Score
SAR,Stomatis Aftosa Rekuren
SARS,Severe Acute Respiratory Syndrome
SB,Sclera Buckle
SBE,Subacute Bacterial Endocarditis
SBP,Spontaneous Bacterial Peritonitis
SBT,Spontaneous Breathing Trial
SC,Section Caesario
SCC,Squamous Cell Carcinoma
SCL’90,Scale Clinical ‘90
SCLE,Subacute Cutaneous Lupus Erythematosus
SCN,"Staphylococus, Coagulase Negative"
SCVN/SVKS,Superior Caval Vein Syndrome/ Syndrome Vena Kava Superior
SD,Seborrhoeic Dermatitis
SDS,Speech Discrimination Score
SDT,Speech Detection Threshold
SDKPO,Sukar Dinilai Karena Pemberian Obat-Obatan
SE,Sleep Endoscopy
SEM,Systolic Ejection Murmur
SEP,Surat Eligilitas Pelayanan
SF,Sulfas Ferrosus
SFJ,Sapheno Femoral Junction
SFOAE,Stimulus Frequency Oto Acoustic Emission
SGA,subjective global assessment
SGPT,Serum Glutamic Pyruvic Transaminase
SHI,Simple Head Injury
SHR,Skin Health Restoration
SHU,Sindrom Hemolitik Uremik
SI,Stroke Iskemik
SICS,Small Incision Cataract Extraction
SIDA,Sindrom Imunidefisiensi Aids
SGOT,Serum Glutamic Oxaloacetic Transaminase
SIM,System Informasi Manajemen
Simetris +/+,Simitris Untuk Sisi Kanan Dan Kiri
SIMV,Synchronized Intermittent Mandatory Ventilation
Sin,Sinistra
SIO,Surat Izin Operasi
Sir,Sirup
SIRS,Systemic Inflammation Response Syndrome
SISI,Short Increment Sensitivity Index
SJP,Surat Jaminan Pelayanan
SKTM,Surat Keterangan Tidak Mampu
SL,Sensation Level
SLE,Systemic Lupus Erithematosus
SLS-HB,Sodium Laurel Sulfate-Hemoglobin
SM,Sulfas Magnesium
SMA,Smooth Muscle Antibody
SMK,Sesuai Masa Kehamilan
SMRS,Sebelum Masuk Rumah Sakit
SN,Sindroma Nefrotik
SNAD,Sepsis Neonatorum Awitan Dini
SNAL,Sepsis Neonatorum Awitan Lanjut
SND,Selective Neck Dissection
SNHL,Sensory Neural Hearing Loss
SNNT,Struma Nodosa Non-Toksik
SNP,Sodium Nitroprussida
SO,Salpingooferektomi
SOAE,Spontaneous Ofo Acoustic Emission
SOB,Salpingoovarectomy Bilateral
SOD,Salpingo Orferektomi Dekstra
SOHND,Supra Omohyoid Neck Dissection
SOL,Space Occupying Lesion
Sop/SOPOR,Soporus
SNR,Signal To Noise Ratio
SOS,Salpingo-Ooforektomi Sinistra
SP,Synergi Platform
SPD,Subcorneal Pustular Dermatoses
SPECT CT,Single Photon Emission Computed Tomography- Computed Tomography Computed Tomography
SPJ,Sapheno Popliteal Junction
SPL,Sound Pressure Level
SPM,Statistical Parametric Mapping
SPN,Sinus Paranasal
SPO,Standar Prosedur Operasional
SPS,Sewaktu-Pagi-Sewaktu (Pengambilan Sputum)
SPT,Skin Prick Test
SQE,Staff Qualification And Education
SRS,Stereotactic Radio Surgery
SRT,Stereotactic Radio Therapy
SS,Stereotactic Surgery
SSD,Source Skin Distance
SSI,Surgical Site Infection
SSJ,Sindrom Stevens Johnson
SSPE,Subacute Sclerosing Panencephalitis
SSS,Sick Sinus Syndrome
SSSS,Staphycoccal Scalded Skin Syndrome
STEMI,ST-Elevation Myocardial Infrarction
Stqa,Status Qua Ad Antem; ‘Sama Dengan Sebelumnya’.
STSG,Split Thickness Skin Graft
Susp,Suspect
SVC,Superior Vena Cava
SVCS,Superior Vena Cava Syndrome
SVES,Supra Ventricular Extras Systole
SVO2,Saturasi Oksigen Mixed Veous
SVT,Supraventicular Tachycardia
T,Tinggi
TA,Tonsillo-Adenoidektomi
Sup,Supositoria
TAA,Thoracid Aortic Aneurysm
Tab,Tablet
TACI,Total Anterior Circulation Infarction
TAK,Tidak Ada Keluhan / Tidak Ada Kelainan
TAO,Throboangitisoblierans/ Buerger’s Disease
TAP,Tidak Ada Persediaan
Tap off,Tapering Off
TAPSE,Tricuspid Annular Plane Systolic Excursion
TAPVR,Total Anomalous Pulmonary Venous Return
TAUB,Total AV Block
TAUS,Transabdominal Ultrasonografy
TB,Tinggi Badan
TBC,Tuberculosis
TBD,Temporal Bone Dissection
TB-ICT,Tuberculosis-Immunochromatography Rapid Test
TBJ,Taksiran Berat Janin
TBW,Tension Band Wiring
TC,Thrombocyte Concentrate
TCC,Transitional Cell Carcinoma
TcO2,Transcutaneus Oxymetry
TD,Tekanan Darah
TE,Toxoplasma Encephalitis
TEA,Thrombo End-Arterectomy
TEE,Trans-Esophageal Echocardiography
TESE,Testicular Sperm Extraction
TETP,Tinggi Energi Tinggi Protein
TEWL,Tran-Epidermal Water Loss
TFA,Tonsilofaringitis Akut
TGA,Transposition Of The Great Arteries
Tgl,Tanggal
Th/,Terapi
THC,Tetrahydrocannabinol
TEOAE,Transient Evoked Oto Acoustic Emission
THD,Thyrotoxocosis Hyperthyroidism
THR,Total Hip Replacement
TI,Tricuspid Insufficiency
TIA,Trancient Ischemic Attack
TIBC,Total Iron-Binding Capacity
TIK,Tekanan Intrkranial
TILUT,Tinggi Lutut
TIO,Tekanan Intraocular
TJO,Tunggu Jadwal Operasi
TKPI,Table Komposisi Pangan Indonesia
TKR,Total Knee Replacement
TKTP,Tinggi Kalori Tinggi Protein
TL,Timggi Lutut
TLS,Total Leg Strength
TMJ,Temporo-Mandibular Joint
TMP,Transmebane Pressure
Tn,Tuan
TNE,Tran-Nasal Esophagoscopy
TNM,Tumor Node Metastasis
TNPM,Transient Eonatal Pustular Melanosis
TOF,Tetralogynof Fallot
TOGA,Tanaman Obat Keluarga
TON,Traumatic Optic Neuropathy
Topo 1,Lokasi Penyakit
TP,Taksiran Partus
TPA,Tempat Penampungan Air
TPHA,Treponema Pallidum Hemaglutination Assay
TPM,Temporary Pacemaker
TPM(ma),Tetes Permenit Makro
TPM(mi),Tetes Permenit Mikro
TPN,Total Parenteral Nutrition
TPS,Tanpa Protein Susu
TOS,Thoracic Outlet Syndrome
TR,Tricuspid Regurgitation
Tromb,Trombosit
TRT,Trinitus Retraining Therapy
TRUS,Transrectal Ultrasonography
TS,Teman Sejawat
TSB,Trypticase Soy Broth
Tsk,Tersangka
TSS,Toxic Shock Syndrome
TT,Toxoid Tetanus
TTA,Trauma Tumpul Abdomen
TTD,Tertanda
TTE,Trans Thoracal Echocardiografi
TTH,Tension Type Headache
TTN,Transistory Tachypnea Neonatus
Tts,Tetes
TUL,Transurental
TUNA,Transurental Needle Ablation
TUR,Transurental Resection
TUR B,Trans Uretra Resection Buli
TUR P,Trans Uretal Resection Of The Prostate
TUTD,Tidak Usah Tunggu Dokter
TV,Tidal Volume
TW,Terapi Wicara
U,Umum
UC,Ulcus Cornea
UCVA,Uncorrected Visual Acuity
UDT,Undescended Testicle
UFG,Ultra Filtration Goal
UFH,Unfractional Heparin
UG,Usia Gestasi
UK,Usia Koreksi
UKBM,Upaya Kesehatan Berbasis Masyarakat
UAP,Unstable Angina Pectoris
UL,Urine Lengkap
UMK,Uang Muka Kerja
UMN,Upper Motor Neuron
UNG,Uretritis Non Gonore
UNHS,Universal Newborn Hearing Screening
UPPP,Uvula Palatopharyngealplasty
URI,Upper Respiratory Infection
URS,Ureterorenoscopy
URT,Ukuran Rumah Tangga
URTI,Upper Respiratory Tract Infection
USG,Ultrasonography
USG Doppler,Ultrasonography Doppler
UTI,Urinary Tract Infection
UUB,Ubun Ubun Besar
UUK,Ubun Ubun Kecil
UV,Ultraviolet
UVA,Ultaviolet A
UVB,Ultraviolet B
UYHD,Uang Yang Harus Dipertanggungjawabkan
V/U,Vulva Dan Urethra
V-1,Varian 1
VAP,Ventilator-Associted Pneumoni
VAR,Vaksin Anti Rabies
VB,Vaginosis Bacterial
VBI,Vertebra Basilar Insufisiensi
VC,Vital Capacity
VCR,Vincristine
VCS,Visual Comfort Scale
VCT,Voluntary Counseling And Testing
VD,Veneral Disease
VDRL,Veneral Disease Research Laboratory Test
VAS,Visual Analogy Scale
VE,Varises Esophagus
VEGF,Vascular Endhotelium Growth Factor
VeR,Visum Et Repertum
Vert C,Vertebrae Cervical
Vert L,Vertebrae Lumbal
VES,Ventricular Extrasystole
VF,Ventricular Fibrillation
VIP,Vasoactive Intestinal Poypeptide
Vit,Vitamin
VLDL,Very Low Density Lipoprotein
VMA,Vanilly Mandalic Acid
VMI,Visual Motorik Integration
VMT,Voluntary Muscle Test
VODs,visus mata kanan
Vol,Volume
VP.Shunt,Ventriculo-Peritoneal Shunt
VPC,Ventricular Premature Contraction
VPI,Velopharingeal Imcompetence
VRA,Visual Reinforcement Audiometry
VRE,Vancomysin Resistant Entrococus
VRT,Vertigo Retraining Therapy
VSD,Ventricular Septal Defect
VSMS,Vamcouver Second Mile Society
VT,Venricular Tachycardia
VTE,Venous Thrombo-Embolism
VTP,Ventilasi Tekanan Positif
VUR,Vesicoureteral Reflux
VV,Varicose Vein (Varises)
VVP,Vulvo-Vaginal Preparat
VW,Viral Warts
VZIG,Varicella Zozter Immune Globulin
VZV,Varicella Zoster Virus
WAIS,Wechsler Adult Intelegence Scale
WB,Whole Blood (Darah Lengkap)
WBC,White Blood Cell
WC,Waist Circumference
VTE/Kg,Volume Tidal Ekspirasi/ Kilogram
WD/,Working Diagnosis
WFDT,Worth Four Dot Test
WFI,Water For Injection
Wire,Ligature Wire
WISC,Wechsler Intellegence Scale For Children
WL,Woods Lamps
WPW Syndrome,Wolf Parkinson White Syndrome
WSD,Water Sealed Drainage
WT,Wound Toilet
XDR-TB,Extreme Drug Resistant TB
X ( T ),Eksoforia
x/mnt,Kali Per Menit
XLD,X-Linkage Dominant
XLR,X-Linkage Resessive Ichtyosis
XT,Eksotropia
XVI,X-Ray Volumetric Imaging
Yth.,Yang Terhormat
Yl,Yang Lalu
ZDV,Zidovudin
ZN,Ziehl Neelsen